cyclone_id,name,basin,source,observed_at,timestamp,latitude,longitude,wind_speed_kph,pressure_hpa
phailin-2013,Phailin,North Indian Ocean,IMD RSMC Annual Review 2013 Table 2.2.1,2013-10-13T00:00:00Z,2013-10-08T03:00:00Z,12.0,96.0,46,1004
phailin-2013,Phailin,North Indian Ocean,IMD RSMC Annual Review 2013 Table 2.2.1,2013-10-13T00:00:00Z,2013-10-09T00:00:00Z,13.0,93.5,56,1002
phailin-2013,Phailin,North Indian Ocean,IMD RSMC Annual Review 2013 Table 2.2.1,2013-10-13T00:00:00Z,2013-10-10T06:00:00Z,15.0,90.5,120,984
phailin-2013,Phailin,North Indian Ocean,IMD RSMC Annual Review 2013 Table 2.2.1,2013-10-13T00:00:00Z,2013-10-11T12:00:00Z,16.8,87.7,213,940
phailin-2013,Phailin,North Indian Ocean,IMD RSMC Annual Review 2013 Table 2.2.1,2013-10-13T00:00:00Z,2013-10-12T15:00:00Z,19.1,85.2,213,940
phailin-2013,Phailin,North Indian Ocean,IMD RSMC Annual Review 2013 Table 2.2.1,2013-10-13T00:00:00Z,2013-10-13T00:00:00Z,20.5,84.5,139,976
hudhud-2014,Hudhud,North Indian Ocean,IMD RSMC Annual Review 2014 Table 2.2.1,2014-10-08T03:00:00Z,2014-10-07T03:00:00Z,11.5,95.0,46,1004
hudhud-2014,Hudhud,North Indian Ocean,IMD RSMC Annual Review 2014 Table 2.2.1,2014-10-08T03:00:00Z,2014-10-07T06:00:00Z,11.7,94.8,46,1004
hudhud-2014,Hudhud,North Indian Ocean,IMD RSMC Annual Review 2014 Table 2.2.1,2014-10-08T03:00:00Z,2014-10-07T12:00:00Z,12.0,94.0,56,1000
hudhud-2014,Hudhud,North Indian Ocean,IMD RSMC Annual Review 2014 Table 2.2.1,2014-10-08T03:00:00Z,2014-10-07T18:00:00Z,12.0,93.5,56,1000
hudhud-2014,Hudhud,North Indian Ocean,IMD RSMC Annual Review 2014 Table 2.2.1,2014-10-08T03:00:00Z,2014-10-08T00:00:00Z,12.2,93.0,56,1000
hudhud-2014,Hudhud,North Indian Ocean,IMD RSMC Annual Review 2014 Table 2.2.1,2014-10-08T03:00:00Z,2014-10-08T03:00:00Z,12.3,92.9,65,998
fani-2019,Fani,North Indian Ocean,IMD RSMC Preliminary Report on ESCS Fani Table 1,2019-04-27T03:00:00Z,2019-04-26T03:00:00Z,2.7,89.7,46,998
fani-2019,Fani,North Indian Ocean,IMD RSMC Preliminary Report on ESCS Fani Table 1,2019-04-27T03:00:00Z,2019-04-26T06:00:00Z,3.0,89.4,46,998
fani-2019,Fani,North Indian Ocean,IMD RSMC Preliminary Report on ESCS Fani Table 1,2019-04-27T03:00:00Z,2019-04-26T12:00:00Z,3.2,89.2,46,998
fani-2019,Fani,North Indian Ocean,IMD RSMC Preliminary Report on ESCS Fani Table 1,2019-04-27T03:00:00Z,2019-04-26T18:00:00Z,3.7,88.8,46,998
fani-2019,Fani,North Indian Ocean,IMD RSMC Preliminary Report on ESCS Fani Table 1,2019-04-27T03:00:00Z,2019-04-27T00:00:00Z,4.5,88.8,56,997
fani-2019,Fani,North Indian Ocean,IMD RSMC Preliminary Report on ESCS Fani Table 1,2019-04-27T03:00:00Z,2019-04-27T03:00:00Z,4.9,88.7,56,996
